{
  "loadBalance":{
    "defaultLoadBalance":"BalanceRandom",
    "loadBalances":[]
  },
  "mode":"local",
  "properties":{},
  "server":{
    "bufferPool":{

    },
    "idleTimer":{
      "initialDelay":3,
      "period":60000,
      "timeUnit":"SECONDS"
    },
    "ip":"0.0.0.0",
    "mycatId":1,
    "port":8066,
    "reactorNumber":8,
    "tempDirectory":null,
    "timeWorkerPool":{
      "corePoolSize":0,
      "keepAliveTime":1,
      "maxPendingLimit":65535,
      "maxPoolSize":2,
      "taskTimeout":5,
      "timeUnit":"MINUTES"
    },
    "workerPool":{
      "corePoolSize":1,
      "keepAliveTime":1,
      "maxPendingLimit":65535,
      "maxPoolSize":1024,
      "taskTimeout":5,
      "timeUnit":"MINUTES"
    }
  }
}
